mechanism,tau,eta,d,date,alpha,shift,n_exact_donors,miss_rate
A,0.25,0.05,75,2024-06-11,0.75,-0.003653751880431766,3099,0.7318489835430784
A,0.25,0.05,76,2024-06-12,0.7509075508228461,-0.0045161956793473715,3182,0.72438717787555
A,0.25,0.05,77,2024-06-13,0.7521881919290686,-0.005443781140060571,3178,0.6812460667086218
A,0.25,0.05,78,2024-06-14,0.7556258885936376,-0.008132183539928678,3164,0.7348293299620733
A,0.25,0.05,79,2024-06-15,0.7563844220955339,-0.008748441816120878,2665,0.7677298311444652
A,0.25,0.05,80,2024-06-16,0.7554979305383106,-0.00798881947793659,2378,0.7253994953742641
A,0.25,0.05,81,2024-06-17,0.7567279557695974,-0.009213894115178853,2586,0.7107501933488012
A,0.25,0.05,82,2024-06-18,0.7586904461021573,-0.010597177031393817,2677,0.7728800896525961
A,0.25,0.05,83,2024-06-19,0.7575464416195274,-0.009840921021449777,2723,0.7994858611825193
A,0.25,0.05,84,2024-06-20,0.7550721485604015,-0.007715699763038255,2986,0.7916945746818487
A,0.25,0.05,85,2024-06-21,0.7529874198263091,-0.006078462181989074,3140,0.8111464968152866
A,0.25,0.05,86,2024-06-22,0.7499300949855447,-0.0036180308527138357,2974,0.7817753866845999
A,0.25,0.05,87,2024-06-23,0.7483413256513147,-0.002169558104078054,2527,0.77997625643055
A,0.25,0.05,88,2024-06-24,0.7468425128297872,-0.0007375546402610306,2789,0.6862674793832915
A,0.25,0.05,89,2024-06-25,0.7500291388606226,-0.0036654700560818905,2705,0.789279112754159
A,0.5,0.05,75,2024-06-11,0.5,0.01939638505805752,3099,0.4898354307841239
A,0.5,0.05,76,2024-06-12,0.5005082284607938,0.019075928840988306,3182,0.4594594594594595
A,0.5,0.05,77,2024-06-13,0.5025352554878209,0.017644260939129554,3178,0.4090623033354311
A,0.5,0.05,78,2024-06-14,0.5070821403210493,0.014399906127397707,3164,0.4481668773704172
A,0.5,0.05,79,2024-06-15,0.5096737964525284,0.012433862115659751,2665,0.5155722326454034
A,0.5,0.05,80,2024-06-16,0.5088951848202582,0.01314552638575488,2378,0.4541631623212784
A,0.5,0.05,81,2024-06-17,0.5111870267041942,0.01106280970054494,2586,0.45591647331786544
A,0.5,0.05,82,2024-06-18,0.513391203038301,0.009234889320199646,2677,0.5300709749719835
A,0.5,0.05,83,2024-06-19,0.5118876542897018,0.010597978640989578,2723,0.5839147998531032
A,0.5,0.05,84,2024-06-20,0.5076919142970466,0.013861474869519982,2986,0.5669792364367047
A,0.5,0.05,85,2024-06-21,0.5043429524752114,0.016490190731121793,3140,0.5882165605095542
A,0.5,0.05,86,2024-06-22,0.49993212444973373,0.019439147248223845,2974,0.5349697377269671
A,0.5,0.05,87,2024-06-23,0.49818363756338535,0.020721662342663164,2527,0.5156311832212109
A,0.5,0.05,88,2024-06-24,0.4974020784023248,0.02141337067618408,2789,0.4471136608103263
A,0.5,0.05,89,2024-06-25,0.5000463953618085,0.01936165025779636,2705,0.5855822550831793
A,0.75,0.05,75,2024-06-11,0.25,0.07321783367068568,3099,0.24749919328815748
A,0.75,0.05,76,2024-06-12,0.25012504033559213,0.07306246841387003,3182,0.21275927089880578
A,0.75,0.05,77,2024-06-13,0.25198707679065185,0.07137879198855471,3178,0.17558212712397733
A,0.75,0.05,78,2024-06-14,0.255707970434453,0.06706444224600487,3164,0.1959544879898862
A,0.75,0.05,79,2024-06-15,0.25841024603495866,0.06368268565973048,2665,0.24915572232645403
A,0.75,0.05,80,2024-06-16,0.25845245991863597,0.06366011567697205,2378,0.2043734230445753
A,0.75,0.05,81,2024-06-17,0.2607337887664072,0.061677856155436285,2586,0.2188708430007734
A,0.75,0.05,82,2024-06-18,0.2622902466163685,0.05983290242988932,2677,0.269704893537542
A,0.75,0.05,83,2024-06-19,0.2613050019394914,0.060966162359431475,2723,0.3202350348879912
A,0.75,0.05,84,2024-06-20,0.25779325019509186,0.06434359401292486,2986,0.3114534494306765
A,0.75,0.05,85,2024-06-21,0.25472057772355805,0.06844710282907364,3140,0.3251592356687898
A,0.75,0.05,86,2024-06-22,0.25096261594011854,0.07216976393019789,2974,0.28312037659717554
A,0.75,0.05,87,2024-06-23,0.24930659711025976,0.07385178233998077,2527,0.27146814404432135
A,0.75,0.05,88,2024-06-24,0.2482331899080437,0.07559308002922611,2789,0.21405521692362853
A,0.75,0.05,89,2024-06-25,0.25003042906186224,0.07319060681048077,2705,0.31719038817005546
A,0.9,0.05,75,2024-06-11,0.09999999999999998,0.11732143600816315,3099,0.09874152952565343
A,0.9,0.05,76,2024-06-12,0.1000629235237173,0.11718004542881635,3182,0.07039597737272156
A,0.9,0.05,77,2024-06-13,0.10154312465508122,0.11336986603239955,3178,0.05223410950283197
A,0.9,0.05,78,2024-06-14,0.10393141917993963,0.10883511520301664,3164,0.0736409608091024
A,0.9,0.05,79,2024-06-15,0.10524937113948452,0.10533463620545414,2665,0.10544090056285178
A,0.9,0.05,80,2024-06-16,0.10497732611134193,0.10595889783688066,2378,0.08578637510513036
A,0.9,0.05,81,2024-06-17,0.10568800735608541,0.10447761948228379,2586,0.07965970610982212
A,0.9,0.05,82,2024-06-18,0.1067050220505943,0.10161352018836727,2677,0.1135599551737019
A,0.9,0.05,83,2024-06-19,0.1060270242919092,0.10370336467943041,2723,0.1266984943077488
A,0.9,0.05,84,2024-06-20,0.10469209957652176,0.10663748236770118,2986,0.12357669122572003
A,0.9,0.05,85,2024-06-21,0.10351326501523575,0.10974975596175998,3140,0.14713375796178343
A,0.9,0.05,86,2024-06-22,0.10115657711714658,0.11447964902836975,2974,0.1254203093476799
A,0.9,0.05,87,2024-06-23,0.09988556164976259,0.11782369282233494,2527,0.11199050257222003
A,0.9,0.05,88,2024-06-24,0.09928603652115159,0.11939646870868648,2789,0.07852276801721048
A,0.9,0.05,89,2024-06-25,0.10035989812029106,0.11651503670797334,2705,0.15378927911275417
B,0.25,0.05,75,2024-06-11,0.75,-0.007071057628059707,3099,0.7305582445950306
B,0.25,0.05,76,2024-06-12,0.7509720877702485,-0.007795118622321881,3182,0.7265870521684475
B,0.25,0.05,77,2024-06-13,0.7521427351618261,-0.008630756981246076,3178,0.6733794839521712
B,0.25,0.05,78,2024-06-14,0.7559737609642175,-0.01149031364246929,3164,0.7259797724399494
B,0.25,0.05,79,2024-06-15,0.7571747723422201,-0.012444506056119818,2665,0.7654784240150094
B,0.25,0.05,80,2024-06-16,0.7564008511414696,-0.011882998277176747,2378,0.7249789739276703
B,0.25,0.05,81,2024-06-17,0.7576519024450861,-0.012833796418167863,2586,0.7188708430007734
B,0.25,0.05,82,2024-06-18,0.7592083602950473,-0.014341338432419887,2677,0.769144564811356
B,0.25,0.05,83,2024-06-19,0.7582511320544796,-0.013419875828208798,2723,0.8027910392948954
B,0.25,0.05,84,2024-06-20,0.7556115800897348,-0.011244417846515893,2986,0.7910247823174816
B,0.25,0.05,85,2024-06-21,0.7535603409738607,-0.009519368889390886,3140,0.8143312101910828
B,0.25,0.05,86,2024-06-22,0.7503437804643066,-0.007285625278066548,2974,0.784801613987895
B,0.25,0.05,87,2024-06-23,0.7486036997649118,-0.0059366183526430305,2527,0.7795805302730511
B,0.25,0.05,88,2024-06-24,0.7471246732512593,-0.00448875393245986,2789,0.6995338831122266
B,0.25,0.05,89,2024-06-25,0.749647979095648,-0.006651960439047418,2705,0.7922365988909427
B,0.5,0.05,75,2024-06-11,0.5,0.01782720644377589,3099,0.4920942239432075
B,0.5,0.05,76,2024-06-12,0.5003952888028397,0.01747115878259304,3182,0.4569453174104337
B,0.5,0.05,77,2024-06-13,0.502548022932318,0.015730720765476977,3178,0.41095028319697924
B,0.5,0.05,78,2024-06-14,0.507000508772469,0.012614868098723524,3164,0.44848293299620734
B,0.5,0.05,79,2024-06-15,0.5095763621226587,0.010504515646859724,2665,0.5189493433395872
B,0.5,0.05,80,2024-06-16,0.5086288949556793,0.011125991732299024,2378,0.45374264087468463
B,0.5,0.05,81,2024-06-17,0.510941762911945,0.009030466213363631,2586,0.46558391337973704
B,0.5,0.05,82,2024-06-18,0.5126625672429582,0.007659419590247384,2677,0.519985057900635
B,0.5,0.05,83,2024-06-19,0.5116633143479264,0.008459588628624906,2723,0.5736320235034889
B,0.5,0.05,84,2024-06-20,0.507981713172752,0.011875189263879711,2986,0.5720026791694575
B,0.5,0.05,85,2024-06-21,0.5043815792142791,0.014468975811853085,3140,0.5856687898089172
B,0.5,0.05,86,2024-06-22,0.5000981397238332,0.01775923948466861,2974,0.539340954942838
B,0.5,0.05,87,2024-06-23,0.4981310919766913,0.019181411067986376,2527,0.5227542540561931
B,0.5,0.05,88,2024-06-24,0.49699337927388165,0.020169578947496117,2789,0.44030118321979206
B,0.5,0.05,89,2024-06-25,0.49997832011289206,0.01784666391690261,2705,0.5826247689463956
B,0.75,0.05,75,2024-06-11,0.25,0.07904613334915361,3099,0.24491771539206195
B,0.75,0.05,76,2024-06-12,0.2502541142303969,0.07883358844346906,3182,0.21370207416719045
B,0.75,0.05,77,2024-06-13,0.2520690105220374,0.07669957421204132,3178,0.17400881057268722
B,0.75,0.05,78,2024-06-14,0.255868569993403,0.07252703242974175,3164,0.1972187104930468
B,0.75,0.05,79,2024-06-15,0.2585076344687507,0.07002215691613889,2665,0.25065666041275797
B,0.75,0.05,80,2024-06-16,0.2584748014481128,0.07006972884378053,2378,0.20857863751051303
B,0.75,0.05,81,2024-06-17,0.26054586957258713,0.06770902842965537,2586,0.21925754060324826
B,0.75,0.05,82,2024-06-18,0.26208299254242473,0.06582139715551484,2677,0.2629809488233097
B,0.75,0.05,83,2024-06-19,0.2614339451012592,0.06663433820578195,2723,0.3143591626882115
B,0.75,0.05,84,2024-06-20,0.25821598696684867,0.07040965845672384,2986,0.29671801741460146
B,0.75,0.05,85,2024-06-21,0.25588008609611856,0.0725192802008674,3140,0.32802547770700635
B,0.75,0.05,86,2024-06-22,0.25197881221076823,0.07680989342593922,2974,0.2925353059852051
B,0.75,0.05,87,2024-06-23,0.24985204691150797,0.07918852527826745,2527,0.2845271072417887
B,0.75,0.05,88,2024-06-24,0.24812569154941855,0.08131619764421955,2789,0.2205091430620294
B,0.75,0.05,89,2024-06-25,0.24960023439631707,0.07959290893911317,2705,0.3242144177449168
B,0.9,0.05,75,2024-06-11,0.09999999999999998,0.14528277825233607,3099,0.09293320425943853
B,0.9,0.05,76,2024-06-12,0.10035333978702805,0.14407501204391074,3182,0.07071024512884978
B,0.9,0.05,77,2024-06-13,0.10181782753058556,0.1405486222380883,3178,0.05034612964128383
B,0.9,0.05,78,2024-06-14,0.10430052104852137,0.13356365491722758,3164,0.07269279393173199
B,0.9,0.05,79,2024-06-15,0.10566588135193478,0.13010900747451629,2665,0.10956848030018762
B,0.9,0.05,80,2024-06-16,0.10518745733692539,0.13127616975234563,2378,0.09251471825063078
B,0.9,0.05,81,2024-06-17,0.10556172142439385,0.1304644620868727,2586,0.07617942768754833
B,0.9,0.05,82,2024-06-18,0.10675275004001643,0.1277400915856829,2677,0.11019798281658573
B,0.9,0.05,83,2024-06-19,0.10624285089918714,0.1287956545447996,2723,0.12486228424531766
B,0.9,0.05,84,2024-06-20,0.10499973668692125,0.13175773004661806,2986,0.12290689886135298
B,0.9,0.05,85,2024-06-21,0.10385439174385361,0.1354313078077238,3140,0.1519108280254777
B,0.9,0.05,86,2024-06-22,0.10125885034257973,0.14236089697830914,2974,0.13349024882313382
B,0.9,0.05,87,2024-06-23,0.09958433790142303,0.14640379382446694,2527,0.11713494261970717
B,0.9,0.05,88,2024-06-24,0.09872759077043766,0.14944653286457815,2789,0.07959842237361062
B,0.9,0.05,89,2024-06-25,0.09974766965175713,0.14598179900037145,2705,0.14824399260628465
C,0.25,0.05,75,2024-06-11,0.75,0.0,3099,0.7318489835430784
C,0.25,0.05,76,2024-06-12,0.7509075508228461,-0.0005086311226348454,3182,0.7250157133878065
C,0.25,0.05,77,2024-06-13,0.7521567651534558,-0.0014694460032173625,3178,0.685336689741976
C,0.25,0.05,78,2024-06-14,0.755389930666357,-0.003916571473421933,3164,0.7196586599241467
C,0.25,0.05,79,2024-06-15,0.7569069976701496,-0.005025253938023034,2665,0.7711069418386491
C,0.25,0.05,80,2024-06-16,0.7558516505782171,-0.004315702389382614,2378,0.7169890664423886
C,0.25,0.05,81,2024-06-17,0.7575021972560977,-0.005465197406395772,2586,0.7242846094354215
C,0.25,0.05,82,2024-06-18,0.7587879667843266,-0.006480841484155917,2677,0.7650354874859918
C,0.25,0.05,83,2024-06-19,0.758036192410027,-0.005848098964683183,2723,0.7983841351450606
C,0.25,0.05,84,2024-06-20,0.7556169856527739,-0.004060686020312362,2986,0.7967180174146015
C,0.25,0.05,85,2024-06-21,0.7532810847820438,-0.0024652787084239293,3140,0.804140127388535
C,0.25,0.05,86,2024-06-22,0.750574078412617,-0.00024531055928709244,2974,0.7807666442501682
C,0.25,0.05,87,2024-06-23,0.7490357462001086,0.0006061748658544518,2527,0.7744360902255639
C,0.25,0.05,88,2024-06-24,0.7478139416888304,0.0015541542975416258,2789,0.7027608461814271
C,0.25,0.05,89,2024-06-25,0.750175899379759,0.0,2705,0.8
C,0.5,0.05,75,2024-06-11,0.5,0.028947380839977055,3099,0.484027105517909
C,0.5,0.05,76,2024-06-12,0.5007986447241045,0.02816616652933945,3182,0.4679446888749214
C,0.5,0.05,77,2024-06-13,0.5024014102803585,0.02693964130778257,3178,0.40969162995594716
C,0.5,0.05,78,2024-06-14,0.5069168287825611,0.023396645928490358,3164,0.43963337547408343
C,0.5,0.05,79,2024-06-15,0.5099351600088569,0.020994718903645883,2665,0.5125703564727955
C,0.5,0.05,80,2024-06-16,0.509306642185217,0.021477587301042343,2378,0.4520605550883095
C,0.5,0.05,81,2024-06-17,0.5117036144308016,0.019675352052128108,2586,0.4729311678267595
C,0.5,0.05,82,2024-06-18,0.5130570560394636,0.018434825807610106,2677,0.519237952932387
C,0.5,0.05,83,2024-06-19,0.5120951583928443,0.019357519836874688,2723,0.5710613294160852
C,0.5,0.05,84,2024-06-20,0.50854209192204,0.022021236959360636,2986,0.5663094440723375
C,0.5,0.05,85,2024-06-21,0.5052266197184232,0.02472168683392969,3140,0.5824840764331211
C,0.5,0.05,86,2024-06-22,0.5011024158967672,0.02796739098480478,2974,0.5359784801613988
C,0.5,0.05,87,2024-06-23,0.49930349188869727,0.02950074343733264,2527,0.5286901464186783
C,0.5,0.05,88,2024-06-24,0.49786898456776335,0.030664272693281265,2789,0.4653997848691287
C,0.5,0.05,89,2024-06-25,0.4995989953243069,0.029182673063541255,2705,0.5792975970425138
C,0.75,0.05,75,2024-06-11,0.25,0.0893685390302017,3099,0.2355598580187157
C,0.75,0.05,76,2024-06-12,0.2507220070990642,0.08842205628184731,3182,0.2083595223130107
C,0.75,0.05,77,2024-06-13,0.2528040309834137,0.08557332389738484,3178,0.17463813719320329
C,0.75,0.05,78,2024-06-14,0.2565721241237535,0.08089947526744443,3164,0.20006321112515804
C,0.75,0.05,79,2024-06-15,0.2590689635674956,0.07790008548798256,2665,0.2551594746716698
C,0.75,0.05,80,2024-06-16,0.2588109898339121,0.0782559396865684,2378,0.21362489486963834
C,0.75,0.05,81,2024-06-17,0.2606297450904302,0.07601868454134801,2586,0.21964423820572312
C,0.75,0.05,82,2024-06-18,0.26214753318014405,0.07465323710951183,2677,0.26596936869630183
C,0.75,0.05,83,2024-06-19,0.261349064745329,0.07538558522114014,2723,0.3176643408005876
C,0.75,0.05,84,2024-06-20,0.2579658477052996,0.0791756239291262,2986,0.30274614869390487
C,0.75,0.05,85,2024-06-21,0.25532854027060436,0.08255953191836515,3140,0.31751592356687897
C,0.75,0.05,86,2024-06-22,0.25195274409226043,0.08654090234169429,2974,0.2874915938130464
C,0.75,0.05,87,2024-06-23,0.2500781644016081,0.08929910733977409,2527,0.28333992876929165
C,0.75,0.05,88,2024-06-24,0.24841116796314355,0.09150197674911456,2789,0.2219433488705629
C,0.75,0.05,89,2024-06-25,0.24981400051961541,0.08974540147449414,2705,0.3301293900184843
C,0.9,0.05,75,2024-06-11,0.09999999999999998,0.16327638970014946,3099,0.09035172636334302
C,0.9,0.05,76,2024-06-12,0.10048241368183283,0.16164722614419313,3182,0.0666247642991829
C,0.9,0.05,77,2024-06-13,0.10215117546687369,0.15689388199100535,3178,0.05475141598489616
C,0.9,0.05,78,2024-06-14,0.10441360466762888,0.1514215878443494,3164,0.06984829329962074
C,0.9,0.05,79,2024-06-15,0.10592119000264784,0.14693755843899423,2665,0.10956848030018762
C,0.9,0.05,80,2024-06-16,0.10544276598763845,0.14821519727640903,2378,0.09671993271656855
C,0.9,0.05,81,2024-06-17,0.10560676935181003,0.14779060797207386,2586,0.07424593967517401
C,0.9,0.05,82,2024-06-18,0.10689447236805133,0.1437413003997242,2677,0.11019798281658573
C,0.9,0.05,83,2024-06-19,0.10638457322722204,0.14540385407912973,2723,0.12926918839515242
C,0.9,0.05,84,2024-06-20,0.10492111380746443,0.14978471843609317,2986,0.12056262558606833
C,0.9,0.05,85,2024-06-21,0.10389298252816101,0.1523722482562865,3140,0.14681528662420382
C,0.9,0.05,86,2024-06-22,0.10155221819695082,0.15860283840488698,2974,0.13685272360457296
C,0.9,0.05,87,2024-06-23,0.09970958201672217,0.16377170768926033,2527,0.12346656113969133
C,0.9,0.05,88,2024-06-24,0.0985362539597376,0.1667780622285078,2789,0.0853352456077447
C,0.9,0.05,89,2024-06-25,0.09926949167935037,0.16493184930174465,2705,0.1430683918669131
